{
  "version": "1.1.0",
  "diagrams": [
    {
      "ordinal": 0,
      "scrollPosition": {
        "x": 0,
        "y": 0
      },
      "nodes": [
        {
          "location": {
            "x": 100,
            "y": 100
          },
          "nodeIndex": 0,
          "tableName": "Default",
          "isCollapsed": false
        },
        {
          "location": {
            "x": 400,
            "y": 100
          },
          "nodeIndex": 1,
          "tableName": "leaf",
          "isCollapsed": false
        },
        {
          "location": {
            "x": 700,
            "y": 100
          },
          "nodeIndex": 2,
          "tableName": "Data",
          "isCollapsed": false
        },
        {
          "location": {
            "x": 100,
            "y": 300
          },
          "nodeIndex": 3,
          "tableName": "Data",
          "isCollapsed": false
        },
        {
          "location": {
            "x": 400,
            "y": 300
          },
          "nodeIndex": 4,
          "tableName": "Data",
          "isCollapsed": false
        },
        {
          "location": {
            "x": 700,
            "y": 300
          },
          "nodeIndex": 5,
          "tableName": "Data",
          "isCollapsed": false
        }
      ],
      "name": "All tables",
      "zoomValue": 100,
      "pinKeyFieldsToTop": false,
      "showExtraHeaderInfo": false,
      "hideKeyFieldsWhenCollapsed": false,
      "tablesLocked": false
    }
  ],
  "selectedDiagram": "All tables",
  "defaultDiagram": "All tables"
}