{
  "name": "6e81bc45a817537ba101c39ccf85235b",
  "position": {
    "x": 640,
    "y": 0,
    "z": 1,
    "height": 360,
    "width": 640,
    "tabOrder": 1
  },
  "visual": {
    "visualType": "lineChart",
    "objects": {
      "title": [
        {
          "properties": {
            "show": {
              "expr": {
                "Literal": {
                  "Value": "true"
                }
              }
            },
            "text": {
              "expr": {
                "Literal": {
                  "Value": "'Sales Trend'"
                }
              }
            }
          }
        }
      ]
    }
  }
}