{
  "name": "3b6e2723684e5f738e6f05ca56b7f61c",
  "position": {
    "x": 0,
    "y": 0,
    "z": 0,
    "height": 360,
    "width": 640,
    "tabOrder": 0
  },
  "visual": {
    "visualType": "clusteredColumnChart",
    "objects": {
      "title": [
        {
          "properties": {
            "show": {
              "expr": {
                "Literal": {
                  "Value": "true"
                }
              }
            },
            "text": {
              "expr": {
                "Literal": {
                  "Value": "'Sales by Category'"
                }
              }
            }
          }
        }
      ]
    }
  }
}